ID,PRODUCTOR,NOMBRE,STOCK,PRECIO
1,0,Ibuprofeno,56,1.61
45,4,Paracetamol,19,10.65
22,2,Amoxicilina,1,3.46
23,2,Omeprazol,31,1.06
24,2,Atorvastatina,37,15.21
12,1,Ibuprofeno,86,3.70
34,3,Amoxicilina,4,17.20
6,0,Ibuprofeno,77,6.54
81,8,Ibuprofeno,6,3.52
101,10,Cetirizina,29,3.94
31,3,Ibuprofeno,40,13.45
71,7,Cetirizina,4,12.59
121,12,Ibuprofeno,63,12.44
131,13,Paracetamol,81,7.90
141,14,Paracetamol,93,9.03
161,16,Omeprazol,85,2.58
142,14,Paracetamol,73,20.31
162,16,Atorvastatina,66,4.14
111,11,Paracetamol,76,15.99
181,18,Ibuprofeno,82,17.25
46,4,Omeprazol,47,4.26
182,18,Loratadina,27,9.72
25,2,Ibuprofeno,4,6.03
26,2,Omeprazol,58,8.22
27,2,Ibuprofeno,25,1.92
35,3,Ibuprofeno,17,14.28
36,3,Cetirizina,86,8.55
72,7,Ibuprofeno,79,10.14
82,8,Loratadina,72,11.87
83,8,Paracetamol,78,1.56
62,6,Loratadina,61,18.45
64,6,Amoxicilina,62,10.17
122,12,Loratadina,38,10.51
132,13,Cetirizina,37,19.46
73,7,Paracetamol,45,14.79
63,6,Paracetamol,37,7.66
171,17,Atorvastatina,23,19.30
163,16,Cetirizina,18,1.75
191,19,Amoxicilina,52,18.09
112,11,Atorvastatina,8,9.08
114,11,Omeprazol,69,6.75
52,5,Paracetamol,94,5.04
53,5,Paracetamol,72,5.36
54,5,Atorvastatina,60,13.66
113,11,Cetirizina,3,15.16
7,0,Omeprazol,100,8.43
37,3,Ibuprofeno,68,1.28
91,9,Loratadina,87,4.55
8,0,Cetirizina,76,19.49
65,6,Cetirizina,6,11.06
66,6,Ibuprofeno,2,18.85
102,10,Paracetamol,61,7.30
123,12,Omeprazol,45,5.80
151,15,Cetirizina,43,14.59
74,7,Amoxicilina,2,13.57
76,7,Amoxicilina,19,16.97
172,17,Loratadina,46,12.48
173,17,Paracetamol,93,1.10
47,4,Amoxicilina,40,11.42
192,19,Omeprazol,44,4.19
183,18,Paracetamol,62,8.44
184,18,Omeprazol,57,20.10
55,5,Ibuprofeno,47,14.92
56,5,Amoxicilina,23,18.19
9,0,Loratadina,25,8.21
10,0,Amoxicilina,63,18.98
201,0,Cetirizina,81,6.54
84,8,Paracetamol,32,10.98
67,6,Cetirizina,69,6.27
68,6,Paracetamol,14,19.17
133,13,Omeprazol,57,1.64
134,13,Loratadina,30,10.94
143,14,Omeprazol,79,11.46
144,14,Amoxicilina,14,6.93
75,7,Loratadina,42,13.51
77,7,Loratadina,11,3.18
79,7,Ibuprofeno,27,17.38
48,4,Ibuprofeno,39,12.66
193,19,Omeprazol,22,5.69
115,11,Omeprazol,21,18.88
116,11,Ibuprofeno,98,15.86
117,11,Cetirizina,9,2.83
57,5,Atorvastatina,76,11.51
58,5,Amoxicilina,55,15.98
78,7,Atorvastatina,52,4.65
38,3,Cetirizina,60,7.96
203,0,Atorvastatina,27,2.65
92,9,Omeprazol,41,15.57
93,9,Loratadina,37,16.50
124,12,Cetirizina,95,6.86
125,12,Atorvastatina,15,19.94
103,10,Paracetamol,32,7.35
104,10,Ibuprofeno,59,11.30
145,14,Paracetamol,36,1.14
146,14,Cetirizina,76,15.15
147,14,Paracetamol,72,3.12
80,7,Loratadina,48,10.76
49,4,Omeprazol,6,2.94
50,4,Paracetamol,18,16.36
13,1,Cetirizina,62,18.12
221,4,Amoxicilina,54,20.66
118,11,Ibuprofeno,24,5.17
59,5,Loratadina,65,20.75
60,5,Atorvastatina,2,13.94
231,5,Atorvastatina,82,19.14
232,5,Ibuprofeno,6,10.07
85,8,Paracetamol,18,1.43
86,8,Paracetamol,41,11.81
69,6,Atorvastatina,67,2.23
70,6,Paracetamol,13,16.56
241,6,Paracetamol,48,16.06
135,13,Paracetamol,43,10.07
105,10,Amoxicilina,33,5.47
106,10,Ibuprofeno,71,16.04
164,16,Loratadina,15,11.73
148,14,Cetirizina,91,7.69
211,7,Paracetamol,15,1.31
212,7,Omeprazol,38,15.09
213,7,Omeprazol,56,16.06
222,4,Amoxicilina,97,6.07
223,4,Loratadina,77,6.28
185,18,Ibuprofeno,100,2.01
186,18,Amoxicilina,47,20.96
39,3,Omeprazol,97,13.91
40,3,Amoxicilina,21,18.76
204,0,Omeprazol,81,10.94
87,8,Paracetamol,33,14.84
251,3,Cetirizina,29,19.67
126,12,Amoxicilina,81,17.50
127,12,Loratadina,90,13.01
242,6,Atorvastatina,96,16.18
152,15,Amoxicilina,18,20.89
153,15,Loratadina,89,1.48
154,15,Loratadina,26,15.86
174,17,Atorvastatina,47,7.47
175,17,Atorvastatina,71,17.60
194,19,Ibuprofeno,68,12.59
214,7,Paracetamol,90,9.07
14,1,Loratadina,34,16.96
15,1,Omeprazol,95,7.64
224,4,Omeprazol,9,8.24
187,18,Atorvastatina,46,12.00
188,18,Ibuprofeno,1,16.02
233,5,Cetirizina,8,6.30
234,5,Loratadina,57,19.41
205,0,Cetirizina,35,3.89
88,8,Cetirizina,2,19.73
94,9,Paracetamol,15,8.55
95,9,Cetirizina,29,16.83
136,13,Atorvastatina,45,3.89
137,13,Paracetamol,81,5.49
243,6,Amoxicilina,10,19.06
165,16,Amoxicilina,23,3.67
107,10,Omeprazol,7,14.17
155,15,Cetirizina,93,19.27
156,15,Paracetamol,43,16.11
195,19,Ibuprofeno,37,3.95
196,19,Atorvastatina,7,18.22
202,0,Atorvastatina,78,9.08
16,1,Ibuprofeno,90,3.04
18,1,Amoxicilina,56,11.70
119,11,Cetirizina,22,12.17
28,2,Paracetamol,69,12.11
29,2,Atorvastatina,22,3.90
30,2,Paracetamol,48,19.42
261,2,Amoxicilina,21,6.95
252,3,Atorvastatina,79,4.42
17,1,Ibuprofeno,83,9.21
89,8,Paracetamol,85,17.19
90,8,Ibuprofeno,71,7.10
271,8,Amoxicilina,34,16.68
96,9,Paracetamol,31,8.12
2,0,Paracetamol,55,9.42
108,10,Paracetamol,16,1.59
109,10,Cetirizina,97,4.53
110,10,Amoxicilina,30,16.94
272,8,Ibuprofeno,19,12.91
215,7,Cetirizina,70,3.00
176,17,Ibuprofeno,20,5.20
197,19,Atorvastatina,56,7.65
225,4,Omeprazol,39,19.43
228,4,Omeprazol,11,3.18
235,5,Atorvastatina,26,10.88
236,5,Loratadina,79,17.10
226,4,Loratadina,50,11.89
227,4,Paracetamol,40,4.28
206,0,Omeprazol,63,18.65
207,0,Omeprazol,80,11.17
128,12,Omeprazol,49,20.88
129,12,Ibuprofeno,63,5.83
281,10,Ibuprofeno,26,10.74
282,10,Atorvastatina,99,18.34
149,14,Cetirizina,21,8.06
150,14,Cetirizina,70,13.81
291,14,Ibuprofeno,7,19.73
292,14,Loratadina,30,17.97
138,13,Amoxicilina,96,12.20
216,7,Omeprazol,59,7.70
198,19,Omeprazol,46,13.34
208,0,Amoxicilina,97,20.44
19,1,Cetirizina,92,20.33
120,11,Paracetamol,63,16.05
301,1,Paracetamol,96,17.64
167,16,Amoxicilina,67,12.68
168,16,Loratadina,4,12.48
20,1,Omeprazol,85,10.66
139,13,Paracetamol,2,18.72
283,10,Omeprazol,31,8.65
321,13,Amoxicilina,62,5.42
293,14,Atorvastatina,17,12.27
217,7,Loratadina,74,5.80
199,19,Omeprazol,62,10.00
200,19,Loratadina,67,20.55
331,19,Cetirizina,75,16.59
262,2,Amoxicilina,62,4.48
140,13,Paracetamol,7,8.62
130,12,Loratadina,71,10.54
245,6,Loratadina,12,5.73
244,6,Amoxicilina,51,7.67
209,0,Atorvastatina,31,4.20
311,11,Paracetamol,3,6.80
351,0,Loratadina,75,17.63
284,10,Loratadina,14,13.23
157,15,Ibuprofeno,27,3.01
158,15,Cetirizina,46,3.87
294,14,Amoxicilina,81,15.40
295,14,Omeprazol,42,19.28
189,18,Ibuprofeno,43,13.10
229,4,Paracetamol,93,11.75
210,0,Paracetamol,77,10.82
218,7,Atorvastatina,77,2.84
219,7,Omeprazol,47,10.10
302,1,Atorvastatina,9,15.01
332,19,Amoxicilina,3,9.02
97,9,Cetirizina,71,12.39
98,9,Cetirizina,37,1.48
99,9,Omeprazol,4,10.89
341,12,Ibuprofeno,42,2.68
312,11,Paracetamol,98,18.39
313,11,Amoxicilina,94,13.93
314,11,Omeprazol,93,4.14
303,1,Loratadina,73,3.62
273,8,Omeprazol,20,19.20
275,8,Loratadina,2,17.68
177,17,Omeprazol,61,7.58
178,17,Loratadina,82,9.02
179,17,Ibuprofeno,87,20.27
190,18,Atorvastatina,66,19.52
230,4,Cetirizina,40,12.45
361,4,Paracetamol,87,18.50
220,7,Atorvastatina,9,17.10
304,1,Omeprazol,91,7.96
381,7,Loratadina,65,9.24
322,13,Paracetamol,4,9.78
100,9,Omeprazol,44,11.24
391,9,Ibuprofeno,82,5.62
392,9,Atorvastatina,50,14.02
263,2,Ibuprofeno,12,16.78
253,3,Atorvastatina,22,1.08
254,3,Paracetamol,6,5.11
255,3,Atorvastatina,2,11.27
274,8,Omeprazol,43,13.51
285,10,Paracetamol,96,18.55
169,16,Atorvastatina,22,7.79
159,15,Paracetamol,54,13.86
296,14,Ibuprofeno,60,11.03
180,17,Amoxicilina,39,12.77
237,5,Ibuprofeno,98,11.37
371,18,Amoxicilina,36,4.33
401,17,Loratadina,91,9.52
333,19,Ibuprofeno,11,8.23
305,1,Loratadina,89,5.42
306,1,Paracetamol,37,7.31
323,13,Ibuprofeno,97,7.86
246,6,Ibuprofeno,10,7.26
247,6,Cetirizina,51,17.94
286,10,Cetirizina,94,2.77
264,2,Paracetamol,40,12.66
353,0,Paracetamol,40,13.19
354,0,Omeprazol,40,11.51
352,0,Amoxicilina,86,16.92
287,10,Atorvastatina,93,17.35
289,10,Omeprazol,45,7.99
288,10,Cetirizina,22,3.02
170,16,Cetirizina,65,9.63
411,15,Amoxicilina,36,6.47
412,15,Amoxicilina,9,7.16
372,18,Loratadina,27,5.12
373,18,Atorvastatina,48,9.73
374,18,Amoxicilina,39,18.81
382,7,Loratadina,80,8.13
160,15,Cetirizina,61,2.52
307,1,Cetirizina,42,3.13
308,1,Omeprazol,55,19.21
324,13,Loratadina,40,20.16
248,6,Loratadina,22,1.07
250,6,Omeprazol,46,7.90
431,6,Loratadina,90,19.89
256,3,Paracetamol,11,14.13
355,0,Ibuprofeno,13,12.85
356,0,Ibuprofeno,96,8.99
290,10,Atorvastatina,72,15.80
297,14,Cetirizina,15,4.74
441,10,Paracetamol,44,6.57
442,10,Amoxicilina,10,16.08
238,5,Cetirizina,18,8.91
239,5,Loratadina,38,15.08
249,6,Atorvastatina,18,8.25
402,17,Cetirizina,99,10.97
376,18,Omeprazol,58,5.79
377,18,Paracetamol,91,8.24
334,19,Paracetamol,61,17.43
335,19,Amoxicilina,37,1.79
309,1,Atorvastatina,40,7.12
375,18,Amoxicilina,28,8.81
342,12,Paracetamol,7,15.05
265,2,Cetirizina,14,16.69
266,2,Loratadina,55,1.26
343,12,Paracetamol,53,2.01
315,11,Amoxicilina,47,3.34
276,8,Omeprazol,23,5.60
277,8,Ibuprofeno,41,8.45
357,0,Loratadina,38,3.30
421,16,Amoxicilina,75,1.99
422,16,Ibuprofeno,20,1.65
444,10,Loratadina,95,4.51
240,5,Amoxicilina,6,16.09
451,5,Atorvastatina,61,20.42
403,17,Amoxicilina,48,14.89
443,10,Amoxicilina,59,6.38
378,18,Omeprazol,40,7.24
379,18,Ibuprofeno,60,20.19
336,19,Omeprazol,66,14.86
325,13,Loratadina,35,3.58
310,1,Ibuprofeno,67,7.48
433,6,Paracetamol,18,14.46
434,6,Loratadina,22,13.48
257,3,Cetirizina,55,15.80
258,3,Atorvastatina,92,5.91
259,3,Omeprazol,39,10.40
278,8,Paracetamol,82,20.46
279,8,Omeprazol,64,11.30
298,14,Ibuprofeno,44,16.16
423,16,Loratadina,28,11.34
445,10,Loratadina,61,15.99
424,16,Amoxicilina,95,19.49
452,5,Loratadina,87,20.99
453,5,Amoxicilina,18,11.06
404,17,Amoxicilina,29,8.36
380,18,Atorvastatina,62,16.84
326,13,Paracetamol,69,14.54
471,18,Atorvastatina,84,4.71
472,18,Amoxicilina,84,17.49
461,1,Ibuprofeno,34,16.43
462,1,Loratadina,86,3.03
463,1,Atorvastatina,61,2.76
432,6,Omeprazol,31,2.37
267,2,Ibuprofeno,67,2.02
317,11,Loratadina,14,1.40
318,11,Loratadina,9,12.15
358,0,Amoxicilina,71,19.27
280,8,Paracetamol,56,19.53
481,8,Omeprazol,74,8.86
413,15,Paracetamol,100,12.04
362,4,Ibuprofeno,48,6.47
446,10,Loratadina,74,7.44
454,5,Loratadina,90,11.15
455,5,Omeprazol,28,5.40
383,7,Paracetamol,61,16.20
405,17,Loratadina,51,2.58
316,11,Atorvastatina,9,1.31
393,9,Cetirizina,59,8.91
474,18,Atorvastatina,77,8.87
344,12,Atorvastatina,65,16.95
345,12,Omeprazol,89,16.09
346,12,Amoxicilina,30,10.89
435,6,Amoxicilina,44,18.11
268,2,Amoxicilina,60,17.23
269,2,Omeprazol,66,6.44
270,2,Cetirizina,98,8.43
299,14,Loratadina,50,7.37
300,14,Omeprazol,37,7.58
482,8,Paracetamol,45,19.56
501,14,Cetirizina,93,3.64
502,14,Paracetamol,53,10.46
473,18,Loratadina,9,13.96
447,10,Omeprazol,44,20.88
448,10,Ibuprofeno,30,13.09
406,17,Ibuprofeno,80,19.30
407,17,Amoxicilina,15,9.90
456,5,Cetirizina,10,19.70
394,9,Cetirizina,20,18.05
396,9,Atorvastatina,33,13.64
464,1,Atorvastatina,48,14.18
465,1,Amoxicilina,83,11.58
466,1,Atorvastatina,83,1.95
436,6,Paracetamol,71,19.73
319,11,Cetirizina,17,6.36
320,11,Atorvastatina,4,10.98
511,11,Ibuprofeno,59,13.52
512,11,Omeprazol,13,1.01
483,8,Ibuprofeno,7,19.27
395,9,Atorvastatina,79,16.34
363,4,Cetirizina,6,4.75
365,4,Amoxicilina,48,2.21
457,5,Loratadina,12,7.67
458,5,Omeprazol,16,15.36
459,5,Loratadina,71,18.73
449,10,Atorvastatina,28,1.05
408,17,Ibuprofeno,54,16.23
409,17,Cetirizina,33,7.10
397,9,Omeprazol,21,14.34
398,9,Loratadina,50,20.23
337,19,Ibuprofeno,35,7.93
347,12,Loratadina,46,14.30
467,1,Atorvastatina,87,16.36
437,6,Ibuprofeno,88,19.23
359,0,Cetirizina,5,20.09
360,0,Cetirizina,61,11.85
491,2,Paracetamol,21,13.15
521,0,Loratadina,67,13.11
484,8,Paracetamol,25,13.69
485,8,Cetirizina,41,17.23
486,8,Atorvastatina,1,18.45
487,8,Paracetamol,94,16.85
384,7,Atorvastatina,22,17.61
385,7,Atorvastatina,39,4.30
460,5,Atorvastatina,100,11.30
450,10,Ibuprofeno,79,5.76
531,5,Ibuprofeno,76,16.90
541,10,Atorvastatina,28,6.19
399,9,Paracetamol,12,17.78
400,9,Cetirizina,100,7.21
348,12,Atorvastatina,28,4.78
551,9,Paracetamol,44,13.03
364,4,Atorvastatina,15,3.83
438,6,Ibuprofeno,32,3.44
440,6,Ibuprofeno,77,14.59
561,6,Omeprazol,70,13.00
513,11,Omeprazol,75,15.94
522,0,Cetirizina,27,4.48
523,0,Amoxicilina,47,14.40
425,16,Ibuprofeno,23,11.23
426,16,Cetirizina,18,12.80
488,8,Atorvastatina,24,2.18
439,6,Cetirizina,93,15.61
386,7,Atorvastatina,60,1.40
327,13,Atorvastatina,13,20.34
475,18,Atorvastatina,8,3.66
476,18,Omeprazol,88,8.76
410,17,Paracetamol,38,20.00
338,19,Atorvastatina,47,18.38
571,17,Paracetamol,40,4.91
572,17,Omeprazol,24,1.41
552,9,Ibuprofeno,94,17.04
553,9,Loratadina,2,4.14
492,2,Cetirizina,50,11.76
493,2,Cetirizina,77,3.87
562,6,Paracetamol,21,9.30
514,11,Omeprazol,58,18.38
414,15,Paracetamol,34,16.30
387,7,Ibuprofeno,29,13.13
503,14,Paracetamol,43,20.62
427,16,Atorvastatina,89,7.99
489,8,Paracetamol,26,12.81
388,7,Loratadina,69,8.42
389,7,Cetirizina,22,19.88
532,5,Ibuprofeno,65,7.29
533,5,Ibuprofeno,14,2.98
534,5,Cetirizina,45,11.87
535,5,Cetirizina,17,10.14
339,19,Paracetamol,43,16.99
340,19,Omeprazol,14,6.17
581,19,Ibuprofeno,9,20.44
582,19,Loratadina,14,19.46
260,3,Amoxicilina,94,3.60
494,2,Atorvastatina,11,17.78
495,2,Atorvastatina,69,4.91
563,6,Amoxicilina,90,7.99
504,14,Omeprazol,32,7.94
415,15,Cetirizina,92,9.74
417,15,Cetirizina,21,13.94
416,15,Atorvastatina,96,2.68
428,16,Paracetamol,80,4.02
429,16,Omeprazol,7,10.75
430,16,Cetirizina,17,15.91
601,8,Cetirizina,36,10.62
477,18,Atorvastatina,16,18.66
478,18,Paracetamol,45,13.57
479,18,Paracetamol,27,10.16
536,5,Loratadina,30,15.24
573,17,Ibuprofeno,56,11.40
574,17,Ibuprofeno,98,17.21
583,19,Paracetamol,38,9.08
584,19,Omeprazol,31,10.20
490,8,Loratadina,100,12.89
496,2,Atorvastatina,31,19.98
497,2,Amoxicilina,67,4.16
515,11,Ibuprofeno,64,15.36
516,11,Loratadina,63,6.97
418,15,Loratadina,1,1.92
419,15,Paracetamol,21,19.97
505,14,Atorvastatina,66,10.87
591,3,Omeprazol,41,5.40
328,13,Atorvastatina,43,16.30
329,13,Cetirizina,20,1.83
621,7,Atorvastatina,37,13.64
611,16,Atorvastatina,57,5.17
542,10,Loratadina,99,8.81
543,10,Amoxicilina,57,19.91
390,7,Atorvastatina,65,12.48
537,5,Amoxicilina,53,7.87
539,5,Loratadina,69,18.72
554,9,Paracetamol,12,6.33
555,9,Paracetamol,25,6.11
556,9,Paracetamol,73,6.43
592,3,Loratadina,34,17.19
593,3,Loratadina,53,2.92
498,2,Paracetamol,47,19.76
524,0,Atorvastatina,33,15.79
525,0,Paracetamol,64,10.43
420,15,Loratadina,6,1.09
631,15,Omeprazol,28,14.44
632,15,Omeprazol,14,9.52
633,15,Omeprazol,88,3.03
602,8,Omeprazol,92,15.58
538,5,Atorvastatina,13,15.02
612,16,Paracetamol,56,1.36
614,16,Omeprazol,60,12.09
615,16,Amoxicilina,26,17.84
349,12,Cetirizina,44,7.41
468,1,Loratadina,12,20.91
575,17,Paracetamol,40,10.71
576,17,Amoxicilina,42,15.50
585,19,Amoxicilina,88,3.56
586,19,Amoxicilina,88,12.73
587,19,Cetirizina,14,6.08
499,2,Cetirizina,39,8.93
500,2,Omeprazol,72,14.43
517,11,Amoxicilina,48,10.10
641,2,Cetirizina,100,20.63
642,2,Ibuprofeno,24,9.12
643,2,Amoxicilina,47,9.40
613,16,Paracetamol,20,3.15
634,15,Ibuprofeno,63,10.36
635,15,Omeprazol,77,7.79
603,8,Amoxicilina,39,2.16
480,18,Atorvastatina,20,6.29
651,18,Cetirizina,17,7.13
652,18,Loratadina,48,19.48
469,1,Amoxicilina,11,5.82
470,1,Loratadina,44,13.49
661,1,Omeprazol,96,17.34
662,1,Ibuprofeno,12,14.71
564,6,Cetirizina,66,12.21
565,6,Paracetamol,10,14.64
566,6,Paracetamol,78,8.86
544,10,Ibuprofeno,81,5.85
518,11,Amoxicilina,68,20.70
527,0,Paracetamol,23,20.28
366,4,Loratadina,98,17.22
367,4,Amoxicilina,26,10.13
644,2,Atorvastatina,1,14.50
636,15,Ibuprofeno,18,1.27
637,15,Atorvastatina,74,12.47
622,7,Loratadina,40,14.95
623,7,Atorvastatina,52,5.56
616,16,Loratadina,10,2.53
617,16,Amoxicilina,37,9.41
350,12,Amoxicilina,44,9.63
540,5,Omeprazol,81,18.72
671,12,Omeprazol,98,12.56
681,5,Loratadina,7,14.99
557,9,Loratadina,33,7.16
558,9,Omeprazol,85,5.65
559,9,Loratadina,85,14.28
594,3,Ibuprofeno,62,19.49
595,3,Paracetamol,96,20.51
528,0,Cetirizina,30,11.99
529,0,Atorvastatina,81,6.03
530,0,Ibuprofeno,5,13.15
691,0,Amoxicilina,12,7.81
692,0,Loratadina,33,2.59
638,15,Cetirizina,31,8.00
639,15,Atorvastatina,28,10.20
545,10,Loratadina,80,20.45
546,10,Ibuprofeno,86,11.70
653,18,Loratadina,42,12.08
654,18,Omeprazol,62,12.37
655,18,Loratadina,63,19.44
526,0,Paracetamol,85,8.91
672,12,Ibuprofeno,96,1.62
674,12,Paracetamol,78,12.31
673,12,Paracetamol,45,1.67
588,19,Loratadina,5,19.54
560,9,Paracetamol,26,5.80
701,9,Amoxicilina,92,7.75
519,11,Loratadina,54,4.86
589,19,Amoxicilina,83,7.96
506,14,Cetirizina,14,20.46
507,14,Atorvastatina,78,16.61
368,4,Atorvastatina,96,16.23
693,0,Ibuprofeno,99,5.58
695,0,Omeprazol,72,11.05
640,15,Paracetamol,10,19.77
711,15,Atorvastatina,97,2.57
712,15,Paracetamol,83,15.70
624,7,Amoxicilina,71,2.77
618,16,Omeprazol,31,11.20
619,16,Paracetamol,74,12.78
663,1,Cetirizina,81,8.31
664,1,Atorvastatina,61,18.78
682,5,Paracetamol,27,2.15
683,5,Cetirizina,94,12.80
694,0,Atorvastatina,84,14.90
590,19,Paracetamol,61,2.62
596,3,Loratadina,5,14.13
721,19,Ibuprofeno,99,3.70
520,11,Loratadina,60,6.89
731,11,Ibuprofeno,20,12.47
508,14,Paracetamol,7,2.56
330,13,Cetirizina,65,12.42
696,0,Loratadina,98,9.89
741,13,Cetirizina,63,14.03
604,8,Loratadina,6,7.40
605,8,Amoxicilina,77,4.81
702,9,Omeprazol,71,3.68
625,7,Omeprazol,48,2.67
626,7,Loratadina,78,17.78
577,17,Loratadina,64,6.64
578,17,Amoxicilina,44,6.17
579,17,Paracetamol,78,14.02
684,5,Cetirizina,72,12.24
685,5,Omeprazol,65,5.93
567,6,Amoxicilina,73,12.74
597,3,Ibuprofeno,74,8.20
598,3,Paracetamol,71,17.11
722,19,Paracetamol,95,11.83
732,11,Paracetamol,11,16.59
733,11,Paracetamol,94,10.86
734,11,Loratadina,23,9.43
697,0,Paracetamol,23,19.63
698,0,Paracetamol,30,6.92
699,0,Cetirizina,65,18.25
700,0,Amoxicilina,60,13.29
606,8,Omeprazol,17,18.33
751,0,Cetirizina,93,8.92
752,0,Omeprazol,88,18.25
620,16,Loratadina,49,5.47
761,16,Omeprazol,38,13.03
762,16,Cetirizina,27,4.10
675,12,Amoxicilina,97,19.72
676,12,Omeprazol,63,19.01
686,5,Atorvastatina,99,20.22
568,6,Cetirizina,14,18.57
599,3,Amoxicilina,16,5.01
600,3,Paracetamol,52,20.46
771,3,Cetirizina,64,1.87
772,3,Loratadina,95,8.72
509,14,Paracetamol,57,13.05
510,14,Cetirizina,13,1.93
645,2,Ibuprofeno,21,12.71
781,14,Loratadina,2,20.86
547,10,Atorvastatina,70,14.65
713,15,Ibuprofeno,86,2.57
714,15,Atorvastatina,45,10.72
657,18,Cetirizina,62,3.98
656,18,Paracetamol,49,17.83
627,7,Amoxicilina,26,7.59
666,1,Loratadina,60,18.95
763,16,Atorvastatina,33,18.30
764,16,Loratadina,26,19.89
765,16,Omeprazol,67,6.66
687,5,Amoxicilina,3,14.74
688,5,Cetirizina,78,3.38
369,4,Amoxicilina,84,4.67
370,4,Paracetamol,14,19.59
723,19,Ibuprofeno,46,13.72
791,4,Paracetamol,32,10.45
735,11,Loratadina,13,1.59
742,13,Cetirizina,4,14.58
665,1,Loratadina,89,9.13
782,14,Omeprazol,64,4.90
784,14,Paracetamol,13,6.15
783,14,Omeprazol,75,9.84
715,15,Omeprazol,86,11.48
717,15,Omeprazol,89,1.90
753,0,Atorvastatina,84,4.23
667,1,Loratadina,14,13.81
668,1,Omeprazol,29,5.44
677,12,Atorvastatina,79,15.46
678,12,Cetirizina,96,4.25
766,16,Amoxicilina,84,1.28
716,15,Cetirizina,53,10.17
689,5,Loratadina,90,17.59
724,19,Loratadina,72,10.55
725,19,Paracetamol,41,17.42
792,4,Paracetamol,16,5.44
793,4,Cetirizina,11,17.02
736,11,Loratadina,90,8.73
743,13,Paracetamol,44,20.54
744,13,Ibuprofeno,99,10.46
745,13,Ibuprofeno,49,9.32
690,5,Ibuprofeno,28,7.91
607,8,Atorvastatina,69,18.79
608,8,Omeprazol,14,20.02
658,18,Atorvastatina,51,15.94
628,7,Ibuprofeno,58,14.27
755,0,Ibuprofeno,36,20.30
669,1,Atorvastatina,18,8.06
670,1,Ibuprofeno,70,17.50
679,12,Amoxicilina,53,5.20
754,0,Atorvastatina,68,2.59
811,1,Ibuprofeno,71,10.45
801,5,Loratadina,96,12.97
802,5,Loratadina,6,19.23
726,19,Ibuprofeno,89,17.29
794,4,Atorvastatina,35,3.16
795,4,Ibuprofeno,83,3.15
646,2,Omeprazol,10,2.01
737,11,Ibuprofeno,51,5.72
746,13,Ibuprofeno,59,4.00
747,13,Atorvastatina,10,1.13
748,13,Ibuprofeno,62,8.07
659,18,Omeprazol,17,8.73
609,8,Cetirizina,57,7.79
718,15,Amoxicilina,24,12.20
629,7,Paracetamol,75,1.49
580,17,Cetirizina,39,12.39
680,12,Atorvastatina,45,9.63
821,12,Omeprazol,44,8.13
812,1,Atorvastatina,16,7.08
813,1,Loratadina,68,17.88
703,9,Omeprazol,53,15.22
803,5,Ibuprofeno,98,6.69
804,5,Paracetamol,88,8.92
569,6,Atorvastatina,14,17.50
727,19,Amoxicilina,24,17.94
729,19,Loratadina,74,19.81
728,19,Cetirizina,4,18.98
738,11,Cetirizina,51,14.39
740,11,Amoxicilina,74,1.04
749,13,Cetirizina,86,1.26
750,13,Atorvastatina,82,1.42
851,13,Loratadina,93,19.56
610,8,Omeprazol,34,14.78
861,8,Atorvastatina,13,17.65
862,8,Atorvastatina,29,12.08
863,8,Paracetamol,2,9.98
767,16,Atorvastatina,81,17.64
768,16,Cetirizina,29,14.46
769,16,Amoxicilina,79,16.20
570,6,Atorvastatina,92,17.78
704,9,Amoxicilina,26,14.33
871,6,Paracetamol,60,14.99
872,6,Amoxicilina,70,4.19
796,4,Cetirizina,26,6.64
797,4,Atorvastatina,10,16.89
739,11,Omeprazol,71,2.44
730,19,Paracetamol,44,12.93
785,14,Amoxicilina,44,10.32
786,14,Amoxicilina,3,15.46
660,18,Omeprazol,2,10.92
852,13,Omeprazol,98,6.12
891,18,Atorvastatina,24,11.61
719,15,Paracetamol,98,7.47
630,7,Amoxicilina,54,12.65
822,12,Ibuprofeno,10,5.08
823,12,Omeprazol,82,13.53
864,8,Atorvastatina,1,9.56
770,16,Amoxicilina,5,20.20
814,1,Ibuprofeno,96,9.01
911,16,Omeprazol,75,15.09
805,5,Atorvastatina,13,12.57
806,5,Omeprazol,57,5.55
873,6,Atorvastatina,16,7.61
874,6,Paracetamol,13,19.78
875,6,Amoxicilina,57,7.39
549,10,Atorvastatina,16,15.74
550,10,Paracetamol,89,5.04
921,10,Amoxicilina,94,6.31
787,14,Cetirizina,65,2.75
841,11,Omeprazol,80,8.75
842,11,Ibuprofeno,89,11.37
892,18,Atorvastatina,17,7.08
720,15,Amoxicilina,74,4.09
901,7,Cetirizina,43,17.53
931,15,Amoxicilina,58,20.05
865,8,Amoxicilina,22,3.32
866,8,Cetirizina,66,15.00
815,1,Paracetamol,42,7.41
816,1,Cetirizina,98,14.00
817,1,Omeprazol,50,5.65
912,16,Ibuprofeno,62,18.36
773,3,Paracetamol,69,19.25
774,3,Cetirizina,2,16.38
775,3,Ibuprofeno,95,19.85
647,2,Ibuprofeno,30,20.19
648,2,Paracetamol,53,4.65
649,2,Paracetamol,98,10.03
788,14,Omeprazol,6,14.33
789,14,Loratadina,63,16.89
790,14,Omeprazol,57,4.53
893,18,Amoxicilina,59,12.01
756,0,Cetirizina,95,16.27
941,14,Amoxicilina,13,6.54
902,7,Loratadina,8,12.92
932,15,Cetirizina,39,7.88
933,15,Cetirizina,72,17.25
548,10,Cetirizina,42,18.95
867,8,Paracetamol,55,5.68
869,8,Loratadina,78,16.41
913,16,Loratadina,85,1.20
914,16,Paracetamol,76,13.97
915,16,Cetirizina,29,11.64
776,3,Amoxicilina,20,19.42
777,3,Ibuprofeno,57,6.15
778,3,Loratadina,79,7.37
881,19,Loratadina,32,17.91
868,8,Loratadina,81,6.33
922,10,Amoxicilina,9,12.81
923,10,Atorvastatina,32,18.38
894,18,Amoxicilina,50,11.62
895,18,Atorvastatina,28,10.76
896,18,Omeprazol,25,20.76
897,18,Atorvastatina,45,2.89
903,7,Amoxicilina,39,16.44
904,7,Loratadina,43,6.66
831,17,Atorvastatina,78,11.30
832,17,Paracetamol,20,5.53
833,17,Omeprazol,60,10.08
853,13,Ibuprofeno,33,19.55
818,1,Amoxicilina,38,17.46
819,1,Amoxicilina,21,7.63
807,5,Loratadina,73,10.09
798,4,Cetirizina,74,11.36
800,4,Atorvastatina,20,19.32
882,19,Ibuprofeno,15,17.38
951,4,Omeprazol,75,13.63
854,13,Loratadina,7,11.05
855,13,Cetirizina,45,7.06
856,13,Loratadina,94,16.64
857,13,Ibuprofeno,97,13.25
942,14,Omeprazol,33,8.69
943,14,Atorvastatina,52,7.95
944,14,Ibuprofeno,84,12.08
945,14,Omeprazol,11,2.51
934,15,Cetirizina,8,19.21
705,9,Atorvastatina,57,12.10
706,9,Omeprazol,21,20.82
707,9,Atorvastatina,50,14.67
820,1,Paracetamol,34,9.32
808,5,Cetirizina,28,16.38
809,5,Atorvastatina,86,15.28
916,16,Atorvastatina,65,14.99
876,6,Paracetamol,13,15.17
883,19,Atorvastatina,45,15.83
884,19,Paracetamol,83,7.54
885,19,Atorvastatina,93,8.94
650,2,Cetirizina,88,2.75
971,2,Omeprazol,72,4.74
924,10,Loratadina,94,17.70
858,13,Omeprazol,34,1.38
799,4,Paracetamol,57,18.19
824,12,Paracetamol,54,5.30
826,12,Cetirizina,98,2.41
946,14,Amoxicilina,26,1.06
905,7,Ibuprofeno,8,11.65
906,7,Ibuprofeno,3,13.42
907,7,Amoxicilina,91,2.19
708,9,Paracetamol,18,1.51
961,1,Loratadina,49,12.55
962,1,Paracetamol,49,5.70
963,1,Omeprazol,21,4.89
917,16,Atorvastatina,55,12.31
918,16,Loratadina,39,10.59
952,4,Amoxicilina,33,4.30
886,19,Cetirizina,60,20.82
887,19,Ibuprofeno,53,20.57
888,19,Ibuprofeno,53,15.12
972,2,Ibuprofeno,72,5.49
859,13,Loratadina,6,12.23
860,13,Omeprazol,9,7.04
898,18,Paracetamol,36,7.92
899,18,Cetirizina,83,2.08
827,12,Atorvastatina,16,3.19
947,14,Omeprazol,87,10.70
948,14,Loratadina,13,9.27
834,17,Atorvastatina,42,8.57
870,8,Paracetamol,4,9.75
709,9,Cetirizina,8,8.87
991,8,Ibuprofeno,71,8.39
992,8,Paracetamol,100,16.67
877,6,Atorvastatina,94,16.41
878,6,Loratadina,98,8.06
879,6,Omeprazol,98,10.19
953,4,Ibuprofeno,90,19.92
954,4,Ibuprofeno,23,2.26
955,4,Omeprazol,91,5.60
825,12,Cetirizina,22,9.79
973,2,Amoxicilina,49,8.48
890,19,Ibuprofeno,16,20.29
1001,19,Amoxicilina,85,19.12
1002,19,Paracetamol,25,14.27
981,13,Ibuprofeno,6,20.48
982,13,Omeprazol,58,16.97
935,15,Loratadina,85,12.58
835,17,Amoxicilina,11,3.97
836,17,Omeprazol,91,16.38
889,19,Amoxicilina,60,1.86
710,9,Ibuprofeno,77,3.12
1011,9,Paracetamol,19,1.55
1021,5,Loratadina,22,19.02
993,8,Amoxicilina,40,16.68
994,8,Cetirizina,49,10.21
779,3,Atorvastatina,92,6.52
780,3,Cetirizina,93,20.03
1031,3,Omeprazol,58,5.66
1032,3,Paracetamol,15,9.12
810,5,Paracetamol,68,11.55
925,10,Amoxicilina,59,3.01
927,10,Loratadina,83,13.08
900,18,Loratadina,99,11.62
1041,18,Loratadina,45,8.85
1042,18,Ibuprofeno,7,1.01
1043,18,Ibuprofeno,18,4.59
926,10,Atorvastatina,23,11.86
936,15,Ibuprofeno,42,6.10
938,15,Loratadina,60,12.74
1012,9,Amoxicilina,16,5.26
1013,9,Amoxicilina,17,10.78
1014,9,Paracetamol,32,9.56
937,15,Amoxicilina,77,8.51
919,16,Ibuprofeno,43,16.37
996,8,Ibuprofeno,28,8.60
843,11,Loratadina,48,6.31
844,11,Atorvastatina,52,17.05
845,11,Cetirizina,47,16.17
974,2,Ibuprofeno,65,9.48
975,2,Loratadina,7,3.68
976,2,Loratadina,93,10.29
928,10,Cetirizina,31,3.01
828,12,Paracetamol,17,7.66
829,12,Atorvastatina,96,15.70
983,13,Atorvastatina,68,8.82
949,14,Cetirizina,43,4.89
950,14,Paracetamol,30,10.97
837,17,Ibuprofeno,1,13.54
1051,14,Atorvastatina,62,14.09
1052,14,Atorvastatina,33,3.94
964,1,Amoxicilina,25,4.84
1022,5,Paracetamol,79,13.59
1023,5,Ibuprofeno,99,1.56
1024,5,Omeprazol,52,8.43
880,6,Ibuprofeno,60,17.11
956,4,Amoxicilina,32,8.37
957,4,Atorvastatina,96,4.98
1033,3,Cetirizina,92,10.32
1034,3,Ibuprofeno,13,9.34
977,2,Loratadina,29,9.59
978,2,Cetirizina,34,6.11
979,2,Cetirizina,14,16.08
830,12,Amoxicilina,16,15.66
984,13,Loratadina,33,2.88
985,13,Cetirizina,96,18.33
838,17,Paracetamol,54,18.49
839,17,Ibuprofeno,30,19.27
840,17,Paracetamol,68,2.17
1081,17,Omeprazol,58,15.46
1082,17,Paracetamol,40,11.18
995,8,Cetirizina,46,9.94
1015,9,Loratadina,80,15.12
1017,9,Omeprazol,45,19.34
997,8,Atorvastatina,91,10.66
998,8,Ibuprofeno,86,11.99
1061,6,Ibuprofeno,32,19.22
1062,6,Atorvastatina,5,11.91
1063,6,Amoxicilina,8,3.59
1035,3,Cetirizina,31,13.80
1036,3,Amoxicilina,5,13.99
929,10,Amoxicilina,36,20.16
1016,9,Amoxicilina,91,6.32
1003,19,Ibuprofeno,53,7.71
1004,19,Amoxicilina,1,7.53
1044,18,Atorvastatina,38,16.09
1045,18,Ibuprofeno,46,6.88
1046,18,Atorvastatina,51,16.12
939,15,Atorvastatina,95,3.23
940,15,Cetirizina,50,2.48
1091,15,Cetirizina,35,7.06
1092,15,Loratadina,76,17.44
1093,15,Ibuprofeno,40,5.67
1025,5,Ibuprofeno,82,5.08
999,8,Atorvastatina,82,13.76
1000,8,Omeprazol,10,11.31
958,4,Loratadina,26,18.72
1101,8,Amoxicilina,17,13.01
1102,8,Ibuprofeno,41,15.52
1103,8,Omeprazol,25,13.44
980,2,Ibuprofeno,40,8.47
1111,2,Omeprazol,9,10.71
1112,2,Ibuprofeno,93,14.94
1071,12,Amoxicilina,3,20.61
986,13,Paracetamol,43,4.78
988,13,Omeprazol,51,16.59
1047,18,Ibuprofeno,38,15.09
1048,18,Ibuprofeno,76,4.96
1053,14,Amoxicilina,41,6.45
1083,17,Loratadina,63,19.29
920,16,Atorvastatina,25,19.42
1094,15,Atorvastatina,61,6.74
1121,16,Amoxicilina,55,1.68
1026,5,Amoxicilina,4,20.64
959,4,Paracetamol,79,18.80
960,4,Paracetamol,99,15.99
1064,6,Omeprazol,62,11.23
1065,6,Loratadina,90,3.79
1104,8,Loratadina,60,7.92
1105,8,Omeprazol,51,8.89
930,10,Loratadina,99,15.04
1113,2,Loratadina,89,11.94
1072,12,Loratadina,94,8.71
1141,10,Amoxicilina,39,9.49
908,7,Loratadina,45,2.77
909,7,Omeprazol,40,4.03
910,7,Amoxicilina,76,11.56
1054,14,Loratadina,86,8.28
1151,7,Omeprazol,12,8.50
965,1,Omeprazol,11,5.77
966,1,Amoxicilina,10,14.74
967,1,Cetirizina,4,19.75
987,13,Cetirizina,91,8.74
1027,5,Omeprazol,49,12.89
1029,5,Cetirizina,80,2.05
1131,4,Amoxicilina,83,5.26
1132,4,Cetirizina,60,20.58
757,0,Amoxicilina,97,18.49
758,0,Atorvastatina,27,16.31
1037,3,Atorvastatina,92,10.08
1038,3,Cetirizina,99,16.86
1039,3,Amoxicilina,21,2.77
1142,10,Loratadina,50,9.10
1143,10,Omeprazol,94,5.41
1005,19,Atorvastatina,56,6.45
1028,5,Amoxicilina,19,8.68
1049,18,Atorvastatina,9,18.30
1055,14,Omeprazol,99,16.39
1161,18,Omeprazol,16,15.25
1095,15,Paracetamol,6,4.11
1096,15,Ibuprofeno,47,17.52
1097,15,Cetirizina,57,14.28
1122,16,Omeprazol,40,20.29
1030,5,Ibuprofeno,52,14.24
846,11,Ibuprofeno,30,13.07
1133,4,Cetirizina,33,18.00
1171,5,Atorvastatina,64,2.97
759,0,Loratadina,57,20.95
760,0,Omeprazol,94,2.06
1181,0,Amoxicilina,46,10.50
1040,3,Paracetamol,44,17.21
1073,12,Amoxicilina,99,17.52
1191,3,Loratadina,66,6.30
1192,3,Amoxicilina,75,14.44
989,13,Omeprazol,71,3.64
990,13,Atorvastatina,68,14.24
1056,14,Loratadina,44,4.16
1201,13,Cetirizina,8,19.81
1162,18,Cetirizina,27,17.31
1163,18,Ibuprofeno,98,16.01
1164,18,Cetirizina,23,15.38
1050,18,Paracetamol,66,4.29
1123,16,Atorvastatina,35,19.13
1125,16,Amoxicilina,28,12.69
1134,4,Atorvastatina,57,14.22
1135,4,Loratadina,100,19.12
1136,4,Atorvastatina,7,17.43
1124,16,Cetirizina,61,7.41
1106,8,Ibuprofeno,27,20.16
1115,2,Paracetamol,17,9.65
1074,12,Omeprazol,72,8.05
1144,10,Loratadina,29,7.34
1145,10,Ibuprofeno,49,5.44
1146,10,Paracetamol,66,11.18
1147,10,Atorvastatina,57,11.00
1114,2,Paracetamol,26,4.58
1057,14,Cetirizina,87,7.54
1059,14,Cetirizina,57,20.08
968,1,Atorvastatina,83,12.64
969,1,Loratadina,6,16.84
1165,18,Atorvastatina,10,17.35
1018,9,Amoxicilina,68,11.03
1019,9,Loratadina,8,17.10
1020,9,Ibuprofeno,76,17.86
1211,9,Cetirizina,25,6.56
1172,5,Loratadina,25,5.75
1066,6,Paracetamol,81,5.44
1067,6,Cetirizina,11,14.89
1068,6,Loratadina,67,6.87
1182,0,Loratadina,32,1.90
1183,0,Loratadina,78,19.73
1184,0,Omeprazol,33,20.93
1058,14,Ibuprofeno,5,5.66
1006,19,Omeprazol,53,10.57
1148,10,Cetirizina,62,8.30
1152,7,Ibuprofeno,12,19.57
1153,7,Omeprazol,60,2.48
1154,7,Atorvastatina,12,12.42
970,1,Loratadina,35,17.18
1166,18,Omeprazol,25,20.37
1221,1,Amoxicilina,67,9.66
1098,15,Atorvastatina,57,9.40
1126,16,Paracetamol,61,18.85
847,11,Loratadina,10,11.57
1173,5,Omeprazol,61,3.74
1174,5,Amoxicilina,67,15.77
1175,5,Ibuprofeno,65,9.58
1107,8,Cetirizina,3,2.58
1116,2,Atorvastatina,27,18.09
1117,2,Ibuprofeno,42,8.90
1075,12,Paracetamol,28,19.78
1193,3,Amoxicilina,9,4.87
1194,3,Paracetamol,19,15.99
1008,19,Amoxicilina,3,11.13
1149,10,Paracetamol,14,15.18
1150,10,Paracetamol,92,11.68
1231,10,Omeprazol,22,2.58
1202,13,Omeprazol,4,13.38
1203,13,Paracetamol,12,12.06
1204,13,Atorvastatina,27,15.38
1099,15,Ibuprofeno,29,6.34
1100,15,Omeprazol,1,1.36
1127,16,Loratadina,75,3.92
1241,15,Amoxicilina,82,13.22
1137,4,Amoxicilina,29,8.91
1138,4,Amoxicilina,93,19.16
1139,4,Atorvastatina,40,6.94
1108,8,Ibuprofeno,99,10.43
1118,2,Amoxicilina,24,8.75
1119,2,Cetirizina,23,16.40
1120,2,Omeprazol,78,19.80
1251,2,Cetirizina,8,19.40
1252,2,Paracetamol,17,14.85
1084,17,Ibuprofeno,78,17.22
1085,17,Paracetamol,15,15.85
1086,17,Amoxicilina,22,16.75
1232,10,Amoxicilina,87,16.59
1233,10,Amoxicilina,82,1.52
1234,10,Omeprazol,66,19.80
1205,13,Omeprazol,47,19.86
1222,1,Omeprazol,95,14.14
1128,16,Atorvastatina,4,16.30
848,11,Loratadina,100,15.59
1242,15,Paracetamol,69,3.49
1243,15,Cetirizina,47,6.88
1244,15,Paracetamol,51,12.00
1069,6,Paracetamol,81,14.36
1070,6,Paracetamol,96,4.95
1109,8,Paracetamol,29,9.77
1261,6,Paracetamol,90,19.27
1262,6,Omeprazol,84,12.83
1253,2,Atorvastatina,75,14.25
1254,2,Loratadina,81,2.50
1009,19,Omeprazol,25,14.73
1060,14,Ibuprofeno,99,9.89
1271,14,Atorvastatina,46,16.02
1272,14,Cetirizina,47,18.34
1235,10,Cetirizina,73,19.80
1236,10,Atorvastatina,80,20.97
1237,10,Cetirizina,26,17.54
1007,19,Cetirizina,31,8.09
1129,16,Atorvastatina,80,9.72
1130,16,Ibuprofeno,28,15.96
1176,5,Omeprazol,20,13.62
1281,16,Omeprazol,48,19.50
849,11,Amoxicilina,13,16.29
1245,15,Omeprazol,75,5.05
1247,15,Loratadina,55,6.11
1185,0,Omeprazol,79,20.28
1186,0,Loratadina,82,10.74
1187,0,Loratadina,26,16.70
1195,3,Cetirizina,68,6.30
1255,2,Ibuprofeno,87,7.18
1256,2,Ibuprofeno,13,9.44
1155,7,Loratadina,93,2.49
1156,7,Atorvastatina,42,3.03
1273,14,Paracetamol,70,4.27
1167,18,Ibuprofeno,17,1.27
1246,15,Amoxicilina,10,20.03
1238,10,Omeprazol,32,6.67
1240,10,Amoxicilina,62,7.72
1291,10,Atorvastatina,41,5.46
850,11,Ibuprofeno,65,2.55
1177,5,Paracetamol,34,7.10
1140,4,Amoxicilina,59,19.44
1282,16,Atorvastatina,78,19.41
1311,4,Cetirizina,9,15.26
1312,4,Loratadina,75,7.37
1076,12,Paracetamol,4,20.76
1263,6,Amoxicilina,49,10.42
1188,0,Omeprazol,82,4.48
1010,19,Omeprazol,29,16.40
1257,2,Amoxicilina,68,20.85
1258,2,Cetirizina,35,20.60
1157,7,Paracetamol,69,10.94
1158,7,Paracetamol,55,8.90
1274,14,Ibuprofeno,41,19.12
1206,13,Ibuprofeno,26,10.28
1207,13,Amoxicilina,68,13.18
1223,1,Omeprazol,32,7.87
1239,10,Ibuprofeno,39,2.81
1292,10,Atorvastatina,70,4.84
1293,10,Ibuprofeno,60,10.65
1178,5,Omeprazol,57,10.80
1110,8,Loratadina,53,3.86
1331,8,Ibuprofeno,51,10.02
1248,15,Omeprazol,55,4.19
1249,15,Paracetamol,77,9.00
1250,15,Atorvastatina,26,7.00
1341,15,Amoxicilina,24,8.34
1342,15,Cetirizina,80,8.54
1283,16,Amoxicilina,43,11.76
1259,2,Cetirizina,12,12.35
1322,19,Paracetamol,70,18.01
1159,7,Ibuprofeno,68,17.29
1160,7,Paracetamol,83,5.56
1275,14,Atorvastatina,67,18.62
1351,7,Amoxicilina,15,1.67
1352,7,Cetirizina,100,5.31
1212,9,Atorvastatina,100,11.71
1179,5,Cetirizina,18,7.12
1180,5,Loratadina,60,12.63
1294,10,Atorvastatina,40,10.83
1361,5,Paracetamol,56,17.78
1284,16,Amoxicilina,33,17.36
1313,4,Cetirizina,22,16.70
1314,4,Amoxicilina,62,2.78
1315,4,Ibuprofeno,81,7.77
1264,6,Loratadina,27,19.03
1343,15,Omeprazol,80,18.00
1344,15,Loratadina,47,20.02
1345,15,Omeprazol,41,5.77
1260,2,Ibuprofeno,50,5.12
1371,2,Ibuprofeno,88,7.72
1323,19,Atorvastatina,1,18.53
1321,19,Omeprazol,30,14.24
1168,18,Paracetamol,51,3.02
1170,18,Amoxicilina,58,19.28
1353,7,Omeprazol,30,6.90
1381,18,Omeprazol,54,11.43
1382,18,Amoxicilina,35,18.22
1169,18,Omeprazol,24,7.62
1301,11,Atorvastatina,6,7.86
1303,11,Paracetamol,46,13.21
1304,11,Cetirizina,36,15.25
1302,11,Omeprazol,46,4.74
1077,12,Cetirizina,33,11.43
1079,12,Cetirizina,60,2.06
1080,12,Loratadina,32,12.21
1391,12,Amoxicilina,19,11.23
1392,12,Paracetamol,68,10.68
1346,15,Cetirizina,97,17.38
1372,2,Atorvastatina,48,7.40
1373,2,Amoxicilina,3,5.14
1324,19,Omeprazol,66,12.05
1208,13,Ibuprofeno,88,12.21
1209,13,Paracetamol,97,14.43
1210,13,Cetirizina,78,20.10
1401,13,Omeprazol,67,16.69
1383,18,Amoxicilina,17,5.71
1384,18,Amoxicilina,11,4.93
1362,5,Ibuprofeno,7,14.54
1363,5,Cetirizina,17,1.15
1364,5,Atorvastatina,35,6.81
1332,8,Ibuprofeno,37,11.94
1333,8,Omeprazol,94,17.19
1334,8,Paracetamol,19,1.78
1335,8,Paracetamol,18,17.81
1336,8,Amoxicilina,11,4.07
1196,3,Omeprazol,55,2.34
1347,15,Loratadina,6,16.44
1348,15,Ibuprofeno,95,13.98
1349,15,Cetirizina,76,5.26
1276,14,Paracetamol,49,8.57
1277,14,Amoxicilina,37,3.43
1325,19,Loratadina,34,4.60
1224,1,Ibuprofeno,9,14.63
1225,1,Loratadina,87,15.73
1402,13,Cetirizina,4,15.72
1403,13,Amoxicilina,91,5.83
1078,12,Paracetamol,8,1.59
1295,10,Loratadina,59,2.07
1296,10,Paracetamol,22,2.86
1365,5,Omeprazol,49,19.45
1366,5,Loratadina,71,14.16
1265,6,Loratadina,83,20.44
1266,6,Atorvastatina,79,4.77
1267,6,Ibuprofeno,44,19.87
1393,12,Paracetamol,77,11.19
1394,12,Loratadina,91,9.90
1087,17,Ibuprofeno,32,5.28
1088,17,Paracetamol,54,10.33
1089,17,Atorvastatina,97,7.14
1278,14,Cetirizina,48,8.48
1279,14,Paracetamol,86,20.56
1354,7,Loratadina,4,14.54
1355,7,Loratadina,44,6.46
1356,7,Omeprazol,50,7.87
1213,9,Amoxicilina,44,12.87
1285,16,Amoxicilina,69,18.63
1385,18,Amoxicilina,65,13.54
1286,16,Amoxicilina,72,4.75
1297,10,Amoxicilina,51,14.64
1386,18,Cetirizina,8,1.31
1367,5,Loratadina,62,19.01
1317,4,Amoxicilina,28,17.16
1268,6,Atorvastatina,50,8.06
1269,6,Loratadina,14,3.38
1197,3,Atorvastatina,83,20.77
1198,3,Ibuprofeno,27,1.75
1316,4,Omeprazol,12,17.35
1350,15,Omeprazol,91,12.51
1411,15,Atorvastatina,95,4.27
1421,17,Loratadina,75,3.90
1422,17,Paracetamol,90,10.29
1226,1,Loratadina,6,6.34
1227,1,Omeprazol,30,20.89
1404,13,Omeprazol,60,9.09
1405,13,Ibuprofeno,18,19.08
1406,13,Paracetamol,12,18.33
1387,18,Atorvastatina,68,7.99
1090,17,Atorvastatina,91,5.33
1298,10,Omeprazol,85,5.95
1299,10,Paracetamol,50,5.86
1318,4,Omeprazol,95,3.08
1319,4,Cetirizina,86,8.99
1320,4,Atorvastatina,6,8.57
1431,4,Loratadina,77,3.66
1337,8,Amoxicilina,64,1.61
1199,3,Ibuprofeno,59,11.95
1200,3,Loratadina,44,18.90
1441,3,Cetirizina,31,18.56
1280,14,Loratadina,13,12.06
1423,17,Paracetamol,9,8.43
1451,14,Amoxicilina,38,6.51
1452,14,Paracetamol,25,16.50
1453,14,Atorvastatina,5,9.71
1214,9,Loratadina,62,16.70
1215,9,Amoxicilina,66,1.49
1216,9,Loratadina,79,2.91
1217,9,Atorvastatina,75,2.88
1306,11,Ibuprofeno,66,6.52
1307,11,Paracetamol,36,3.13
1300,10,Loratadina,84,6.47
1368,5,Loratadina,41,19.57
1270,6,Atorvastatina,50,2.33
1432,4,Paracetamol,22,13.92
1305,11,Cetirizina,22,8.23
1471,6,Cetirizina,96,5.23
1338,8,Atorvastatina,35,15.11
1374,2,Loratadina,53,15.46
1412,15,Ibuprofeno,72,3.06
1395,12,Amoxicilina,87,5.17
1424,17,Omeprazol,37,8.73
1228,1,Amoxicilina,68,15.71
1229,1,Cetirizina,3,18.76
1230,1,Loratadina,2,20.62
1481,1,Atorvastatina,85,14.28
1482,1,Loratadina,23,16.23
1425,17,Ibuprofeno,74,3.87
1218,9,Loratadina,90,11.07
1219,9,Amoxicilina,56,12.14
1388,18,Atorvastatina,36,15.49
1369,5,Amoxicilina,41,18.26
1461,10,Loratadina,35,8.88
1491,5,Cetirizina,81,19.93
1433,4,Amoxicilina,29,19.13
1370,5,Paracetamol,99,5.85
1396,12,Cetirizina,63,15.72
1375,2,Loratadina,13,6.84
1376,2,Amoxicilina,90,1.96
1377,2,Omeprazol,76,13.63
1326,19,Paracetamol,47,19.64
1327,19,Loratadina,95,9.94
1454,14,Omeprazol,31,13.11
1455,14,Amoxicilina,37,1.30
1407,13,Cetirizina,85,6.00
1408,13,Paracetamol,31,1.39
1397,12,Paracetamol,31,16.04
1287,16,Loratadina,75,16.01
1289,16,Amoxicilina,1,4.36
1290,16,Ibuprofeno,31,17.16
1189,0,Ibuprofeno,35,1.56
1190,0,Omeprazol,12,16.49
1492,5,Atorvastatina,60,18.51
1493,5,Atorvastatina,15,14.19
1472,6,Loratadina,17,9.58
1434,4,Amoxicilina,37,5.27
1288,16,Ibuprofeno,8,9.05
1398,12,Atorvastatina,71,7.63
1400,12,Ibuprofeno,56,15.05
1378,2,Omeprazol,5,17.49
1328,19,Ibuprofeno,1,19.48
1329,19,Amoxicilina,19,6.24
1399,12,Amoxicilina,28,13.74
1456,14,Ibuprofeno,86,19.30
1458,14,Loratadina,18,14.66
1409,13,Atorvastatina,89,1.36
1483,1,Paracetamol,83,16.06
1484,1,Ibuprofeno,32,7.14
1220,9,Omeprazol,61,2.89
1457,14,Atorvastatina,99,7.19
1462,10,Amoxicilina,49,5.09
1464,10,Loratadina,95,20.60
1473,6,Omeprazol,30,18.58
1339,8,Atorvastatina,58,9.92
1474,6,Omeprazol,5,2.36
1379,2,Cetirizina,60,11.61
1380,2,Paracetamol,4,1.62
1330,19,Atorvastatina,23,9.04
1463,10,Atorvastatina,70,19.68
1426,17,Omeprazol,8,10.60
1427,17,Cetirizina,32,19.91
1459,14,Paracetamol,3,17.03
1460,14,Atorvastatina,100,11.15
1485,1,Paracetamol,17,4.52
1357,7,Amoxicilina,50,19.07
1308,11,Loratadina,77,3.64
1309,11,Loratadina,10,7.77
1465,10,Loratadina,1,17.70
1435,4,Amoxicilina,66,13.59
1340,8,Ibuprofeno,56,1.44
1494,5,Cetirizina,96,7.53
1413,15,Ibuprofeno,99,8.86
1414,15,Atorvastatina,67,9.84
1428,17,Ibuprofeno,63,20.96
1410,13,Ibuprofeno,64,20.65
1442,3,Omeprazol,37,18.82
166,16,Amoxicilina,58,14.90
1389,18,Omeprazol,1,14.25
1487,1,Cetirizina,15,3.39
1466,10,Loratadina,92,11.91
1436,4,Omeprazol,12,8.70
1437,4,Atorvastatina,1,1.49
1475,6,Omeprazol,4,16.18
1486,1,Amoxicilina,27,7.57
1443,3,Paracetamol,55,3.90
1359,7,Paracetamol,66,9.81
1310,11,Paracetamol,40,6.41
1358,7,Loratadina,17,19.61
1488,1,Paracetamol,79,6.06
1496,5,Loratadina,24,1.76
1467,10,Loratadina,80,13.41
1495,5,Ibuprofeno,55,16.54
1476,6,Atorvastatina,82,13.49
1478,6,Amoxicilina,15,12.94
1477,6,Loratadina,4,8.44
1429,17,Cetirizina,43,18.93
1489,1,Paracetamol,8,2.60
1490,1,Cetirizina,21,12.61
1430,17,Omeprazol,2,10.35
1497,5,Omeprazol,7,6.37
1499,5,Cetirizina,77,18.22
1479,6,Loratadina,66,4.59
1415,15,Omeprazol,35,11.76
1360,7,Paracetamol,17,6.63
1468,10,Loratadina,22,2.78
1469,10,Cetirizina,83,20.27
1470,10,Loratadina,26,7.10
1480,6,Atorvastatina,53,9.08
1498,5,Amoxicilina,100,9.30
1416,15,Omeprazol,12,17.73
1417,15,Omeprazol,93,11.30
1438,4,Cetirizina,33,15.96
1445,3,Atorvastatina,94,3.28
1446,3,Paracetamol,59,15.34
1500,5,Atorvastatina,67,14.20
1439,4,Paracetamol,81,9.81
1440,4,Amoxicilina,75,20.86
1447,3,Ibuprofeno,75,13.69
1448,3,Paracetamol,52,3.47
1449,3,Paracetamol,14,11.05
1418,15,Ibuprofeno,86,5.76
1419,15,Loratadina,50,9.51
1450,3,Omeprazol,6,5.48
1420,15,Ibuprofeno,14,14.93
1444,3,Paracetamol,57,19.09
1390,18,Cetirizina,48,1.82
3,0,Cetirizina,5,13.94
41,4,Amoxicilina,31,5.65
32,3,Amoxicilina,75,19.22
4,0,Omeprazol,30,15.72
21,2,Omeprazol,2,19.06
51,5,Paracetamol,69,2.19
42,4,Atorvastatina,42,13.46
43,4,Loratadina,69,18.98
11,1,Paracetamol,47,18.34
44,4,Omeprazol,45,13.24
33,3,Ibuprofeno,15,20.42
5,0,Loratadina,96,15.11
61,6,Ibuprofeno,51,19.46
